MarriedID,MaritalStatusID,GenderID,EmpStatusID,DeptID,PerfScoreID,FromDiversityJobFairID,PayRate,Termd,PositionID,Position,State,Zip,DOB,Sex,MaritalDesc,CitizenDesc,HispanicLatino,RaceDesc,DateofHire,TermReason,EmploymentStatus,Department,ManagerName,RecruitmentSource,PerformanceScore,EngagementSurvey,EmpSatisfaction,SpecialProjectsCount
1,1,0,1,1,3,1,28.5,0,1,0,10,3,1987-11-24,1,1,2,0,2,2008-10-27,3,0,0,3,3,1,2.04,2,6
0,2,1,1,1,3,0,23,0,1,0,10,4,1984-04-26,0,0,2,0,2,2014-01-06,3,0,0,3,21,1,5,4,4
0,0,1,1,1,3,0,29,0,1,0,10,120,1986-09-01,0,3,2,0,5,2014-09-29,3,0,0,3,8,1,3.9,5,5
1,1,0,1,1,3,0,21.5,1,2,1,10,87,1985-09-16,1,1,2,0,5,2015-02-16,0,3,0,3,16,1,3.24,3,4
0,0,0,1,1,3,0,16.56,0,2,1,10,99,1988-05-19,1,3,2,0,5,2015-05-01,3,0,0,3,21,1,5,3,5
1,1,0,5,1,3,1,20.5,1,2,1,10,25,1987-06-14,1,1,2,0,1,2011-09-26,5,4,0,3,3,1,3.8,4,4
1,1,0,5,6,3,0,55,1,3,2,25,136,1964-06-01,1,1,0,0,2,2011-08-15,1,4,4,12,19,1,3.14,5,0
0,0,0,1,6,3,0,55,0,3,2,26,128,1963-05-15,1,3,2,0,5,2014-08-18,3,0,4,12,0,1,5,5,0
0,0,0,1,6,1,0,55,0,3,2,27,157,1987-05-14,1,3,2,1,5,2012-02-20,3,0,4,12,21,3,2.3,1,0
1,1,1,1,6,3,0,56,0,3,2,15,125,1988-09-14,0,1,2,0,0,2014-08-18,3,0,4,12,16,1,3.6,5,0
0,0,1,1,6,3,1,55.5,0,3,2,17,134,1969-02-24,0,3,2,1,4,2011-03-07,3,0,4,12,3,1,3.65,5,0
0,4,0,4,6,3,0,55,1,3,2,18,143,1971-07-10,1,4,2,0,2,2014-07-07,4,3,4,12,10,1,3.97,4,0
1,1,1,1,6,3,0,55.5,0,3,2,7,151,1954-10-12,0,1,2,0,5,2014-05-12,3,0,4,12,10,1,3.98,3,0
0,0,1,5,6,3,0,55,1,3,2,22,141,1969-02-09,0,3,2,0,4,2011-03-07,14,4,4,12,11,1,4.5,5,0
0,3,1,1,6,3,0,55,0,3,2,24,152,1988-12-27,0,2,2,0,2,2012-04-30,3,0,4,12,21,1,4.53,3,0
0,0,1,1,6,1,0,55,0,3,2,0,140,1975-11-02,0,3,2,0,4,2014-09-29,3,0,4,12,8,3,1.93,3,0
0,0,1,1,6,3,0,55,0,3,2,13,137,1982-05-19,0,3,2,0,5,2015-01-05,3,0,4,12,21,1,5,5,0
1,1,0,1,6,3,0,54,0,3,2,12,146,1989-05-12,1,1,2,0,2,2010-09-27,3,0,4,12,17,1,2,4,0
1,1,0,1,6,3,0,55,0,3,2,1,153,1991-05-23,1,1,2,0,4,2011-07-05,3,0,4,12,14,1,2.81,3,0
0,0,1,1,6,3,0,56,0,3,2,11,126,1989-07-11,0,3,2,0,1,2012-03-05,3,0,4,12,21,1,1.77,4,0
1,1,1,1,6,3,0,55,0,3,2,10,99,1975-07-07,0,1,2,0,5,2014-09-29,3,0,4,16,4,1,3.31,5,0
0,0,0,1,6,4,0,55,0,3,2,2,155,1988-11-08,1,3,2,0,5,2011-01-10,3,0,4,16,14,0,4.77,5,0
0,0,1,1,6,3,0,55,0,3,2,4,131,1963-08-28,0,3,2,0,2,2011-09-06,3,0,4,16,10,1,1.64,3,0
0,0,0,1,6,3,0,55,0,3,2,8,144,1989-09-22,1,3,2,0,5,2015-02-16,3,0,4,16,16,1,1.72,5,0
1,1,1,1,6,1,0,56,0,3,2,16,154,1974-05-09,0,1,2,0,5,2014-05-12,3,0,4,16,21,3,1.81,2,0
0,0,1,1,6,3,0,55,0,3,2,3,150,1979-11-27,0,3,2,0,5,2013-08-19,3,0,4,16,16,1,2.19,5,0
0,0,1,1,6,3,0,56,0,3,2,23,147,1970-06-11,0,3,0,0,2,2012-05-14,3,0,4,16,4,1,2.94,5,0
1,1,1,2,6,3,0,55,0,3,2,23,149,1984-07-01,0,1,2,0,4,2016-07-06,2,1,4,16,21,1,2.91,4,0
0,0,0,1,6,3,0,55,0,3,2,6,138,1989-03-31,1,3,2,0,4,2013-07-08,3,0,4,16,16,1,5,5,0
0,0,0,1,6,3,0,57,0,3,2,5,139,1990-05-11,1,3,2,1,5,2013-09-30,3,0,4,16,16,1,4.28,3,0
1,1,0,1,6,3,0,55,0,3,2,9,142,1988-08-29,1,1,2,0,2,2012-01-09,3,0,4,16,21,1,4.2,5,0
0,3,1,1,6,4,0,55,0,3,2,14,145,1968-01-15,0,2,2,0,5,2006-01-09,3,0,4,16,0,0,4.1,3,0
0,0,0,1,6,3,0,55,0,3,2,19,156,1965-05-07,1,3,2,0,2,2014-09-29,3,0,4,16,10,1,3.69,3,0
1,1,0,1,3,3,0,45,0,4,3,10,61,1980-05-12,1,1,2,0,2,2016-10-02,3,0,2,5,6,1,2.02,4,6
0,0,1,1,3,3,0,46,0,4,3,10,47,1983-09-04,0,3,2,0,5,2017-02-15,3,0,2,5,6,1,3.01,5,7
1,1,1,1,3,3,0,45,0,4,3,10,74,1987-10-24,0,1,2,0,5,2017-04-20,3,0,2,5,6,1,1.82,3,6
1,1,1,1,3,3,0,45,0,4,3,10,74,1989-06-30,0,1,2,0,2,2017-04-20,3,0,2,5,6,1,2.06,5,5
1,1,1,1,3,3,0,63.5,0,5,4,10,47,1972-02-09,0,1,2,0,5,2016-09-06,3,0,2,11,17,1,4.5,5,7
0,0,0,1,3,4,0,65,0,6,5,10,54,1979-08-30,1,3,2,0,5,2010-04-10,3,0,2,10,4,0,1.12,5,6
0,0,0,1,3,3,0,55,0,7,7,10,50,1972-11-21,1,3,2,0,2,2017-01-07,3,0,2,5,6,1,4.94,3,5
0,0,0,4,3,3,0,43,1,8,8,10,41,1986-04-04,1,3,2,1,5,2014-07-07,13,3,2,19,18,1,1.87,4,5
0,0,0,4,3,3,0,48.5,1,8,8,10,68,1971-10-23,1,3,2,0,5,2015-02-16,12,3,2,19,5,1,1.87,4,4
1,1,1,4,3,3,0,40.1,1,8,8,10,39,1986-08-07,0,1,2,0,2,2015-02-16,12,3,2,19,4,1,4.33,3,7
0,0,0,1,3,3,0,34,0,8,8,10,119,1984-02-21,1,3,2,0,5,2015-03-30,3,0,2,19,5,1,4.48,5,6
1,1,0,3,3,3,0,40,0,8,8,10,96,1986-11-07,1,1,2,0,1,2015-01-05,3,2,2,19,5,1,3.75,3,5
0,2,1,1,3,4,1,35.5,0,9,6,23,148,1988-07-04,0,0,2,0,2,2014-11-10,3,0,2,19,3,0,4.28,4,5
1,1,1,5,3,3,0,41,1,9,6,10,122,1984-09-05,0,1,2,0,5,2014-12-01,13,4,2,19,4,1,1.62,4,5
1,1,0,1,3,4,0,42.75,0,9,6,10,31,1984-09-16,1,1,2,0,1,2014-11-10,3,0,2,19,4,0,3.71,5,7
1,1,0,1,3,3,0,39.55,0,9,6,10,31,1981-10-11,1,1,2,0,5,2015-02-16,3,0,2,19,4,1,3.69,5,6
1,1,1,1,3,3,0,42.2,0,9,6,10,22,1986-08-26,0,1,2,0,5,2015-03-30,3,0,2,19,16,1,3.04,3,6
0,2,1,5,3,3,0,45,1,9,6,10,109,1987-12-17,0,0,2,0,2,2015-01-05,7,4,2,19,20,1,2.19,3,5
1,1,1,1,3,3,0,30.2,0,9,6,10,61,1970-02-08,0,1,2,1,5,2015-01-05,3,0,2,19,4,1,3.32,3,7
0,0,0,1,3,3,0,31.4,0,9,6,10,81,1979-02-24,1,3,2,0,5,2015-03-30,3,0,2,19,4,1,5,3,5
0,0,0,1,5,4,0,60,0,10,9,10,43,1983-03-19,1,3,2,0,2,2009-01-05,3,0,3,10,14,0,3.02,5,0
1,1,0,1,6,3,0,60,0,11,10,21,124,1966-03-17,1,1,2,0,5,2014-05-05,3,0,4,10,9,1,1.22,4,0
0,0,1,1,3,4,0,65,0,12,12,10,4,1980-07-05,0,3,2,0,2,2011-04-15,3,0,2,11,17,0,3.76,5,5
0,0,1,1,3,3,0,62,0,13,13,10,117,1973-04-05,0,3,2,0,5,2013-01-20,3,0,2,11,17,1,2.96,5,7
0,2,1,5,3,3,1,21,1,13,13,10,37,1964-01-04,0,0,2,0,4,2012-01-09,7,4,2,11,3,1,2.51,4,6
1,1,1,1,3,2,1,63,0,13,14,10,74,1986-10-05,0,1,0,1,3,2012-02-15,3,0,2,11,3,2,2.39,3,6
0,0,1,1,3,4,0,64,0,13,15,10,31,1970-07-09,0,3,2,0,5,2014-01-05,3,0,2,11,17,0,1.99,5,5
0,0,1,1,3,3,0,28.99,0,14,16,10,87,1985-09-05,0,3,2,0,5,2012-09-05,3,0,2,9,5,1,2.55,3,6
0,0,0,1,3,3,0,31.4,0,14,16,4,130,1968-07-06,1,3,2,0,5,2010-05-01,3,0,2,9,20,1,1.21,4,5
0,0,0,1,3,4,1,26,0,14,16,4,132,1988-10-05,1,3,2,1,4,2011-01-21,3,0,2,9,3,0,4.64,4,5
1,1,0,1,3,3,0,27.49,0,14,16,10,104,1973-03-12,1,1,2,0,2,2011-06-10,3,0,2,9,7,1,4.3,3,5
0,2,1,1,3,3,0,45,0,14,16,10,31,1988-01-07,0,0,2,0,5,2015-01-05,3,0,2,18,5,1,1.84,5,6
1,1,1,1,3,3,0,42,0,14,16,10,75,1989-11-24,0,1,2,1,5,2015-03-30,3,0,2,18,7,1,2.21,5,7
1,1,0,1,3,3,0,37,0,14,16,10,62,1988-07-18,1,1,2,0,5,2015-01-05,3,0,2,18,4,1,4.11,4,6
0,3,0,1,3,3,0,39,0,14,16,10,114,1981-04-16,1,2,2,1,5,2015-01-05,3,0,2,18,4,1,4.61,4,5
0,0,1,1,3,1,0,43,0,15,17,10,77,1987-06-18,0,3,2,0,5,2015-03-30,3,0,2,18,20,3,1.2,3,6
1,1,0,1,3,3,0,27,0,15,17,10,48,1979-04-04,1,1,2,0,5,2015-02-16,3,0,2,18,10,1,3.81,3,6
1,1,0,1,3,3,0,47,0,15,17,10,16,1981-04-14,1,1,2,0,5,2014-09-30,3,0,2,18,20,1,3.31,3,6
1,1,1,5,3,3,0,28,1,15,17,10,2,1988-05-05,0,1,2,0,5,2015-01-05,9,4,2,18,10,1,5,3,5
1,1,1,1,3,3,0,49.1,0,15,17,10,100,1969-03-31,0,1,0,0,5,2015-03-30,3,0,2,18,4,1,5,4,7
1,1,0,1,2,3,0,80,0,16,18,10,35,1954-09-21,1,1,2,1,5,2012-07-02,3,0,1,2,16,1,4.83,3,0
0,2,1,1,5,3,0,54.5,0,17,20,10,86,1968-10-10,0,0,2,0,5,2011-08-01,3,0,3,10,4,1,3.93,3,0
0,0,1,5,5,3,0,50.5,1,18,20,10,34,1970-03-10,0,3,2,0,1,2013-09-30,15,4,3,10,0,1,3.39,3,0
0,0,1,1,5,4,0,55,0,18,20,10,86,1983-08-09,0,3,2,0,5,2016-01-28,3,0,3,10,16,0,5,3,0
0,0,0,1,5,3,0,51,0,18,20,10,10,1973-11-28,1,3,2,0,5,2014-09-18,3,0,3,10,18,1,4.52,4,0
0,2,1,1,5,3,0,54,0,18,20,10,13,1981-07-11,0,0,2,0,5,2015-06-02,3,0,3,10,4,1,4.63,3,0
1,1,1,4,5,3,0,48.5,1,18,20,10,33,1972-07-01,0,1,2,0,5,2011-01-10,4,3,3,10,4,1,4.78,4,0
1,1,1,5,5,2,0,42,1,18,20,10,69,1976-11-15,0,1,2,0,1,2011-02-21,17,4,3,10,14,2,2.34,2,0
1,1,0,1,5,4,0,55,0,18,20,10,61,1981-10-26,1,1,2,0,5,2013-09-30,3,0,3,10,21,0,3.66,3,0
0,0,1,1,5,3,0,53,0,18,20,10,47,1981-08-10,0,3,2,3,3,2012-08-16,3,0,3,10,8,1,4.37,3,0
1,1,0,5,5,3,0,38.5,1,18,20,10,43,1977-05-09,1,1,2,0,5,2010-10-25,1,4,3,10,8,1,4.16,5,0
1,1,0,1,5,3,0,52,0,18,20,10,108,1975-09-30,1,1,2,0,5,2012-10-02,3,0,3,10,20,1,4.83,5,0
0,2,1,1,5,2,0,53,0,18,20,10,21,1975-12-17,0,0,2,0,5,2010-07-20,3,0,3,10,10,2,4.13,2,0
1,1,0,1,5,3,0,55,0,18,20,10,18,1978-03-28,1,1,2,0,2,2009-01-08,3,0,3,10,0,1,3.73,4,0
1,1,0,5,5,3,1,33.5,1,18,20,10,116,1955-11-14,1,1,2,0,2,2011-09-26,1,4,3,10,3,1,1.18,3,0
0,0,0,1,5,4,0,23,0,19,21,10,25,1977-05-22,1,3,2,0,5,2012-01-09,3,0,3,1,9,0,5,5,0
0,0,1,1,5,3,0,16,0,19,21,10,55,1970-12-22,0,3,2,1,5,2012-04-02,3,0,3,1,22,1,5,3,0
0,0,0,5,5,3,0,21,1,19,21,10,17,1983-08-27,1,3,2,0,5,2011-06-27,14,4,3,1,14,1,2,4,0
1,1,1,1,5,1,0,20,0,19,21,10,51,1967-04-19,0,1,2,0,5,2014-07-07,3,0,3,1,17,3,1.12,2,0
1,1,1,1,5,1,0,18,0,19,21,10,72,1989-10-18,0,1,2,0,5,2015-05-11,3,0,3,1,17,3,1.56,5,0
0,0,0,1,5,4,0,16,0,19,21,10,108,1980-05-08,1,3,2,1,4,2014-09-29,3,0,3,1,17,0,3.39,4,0
1,1,0,1,5,4,0,20,0,19,21,10,31,1974-05-02,1,1,2,0,5,2014-05-12,3,0,3,1,10,0,4.76,4,0
1,1,0,5,5,3,0,24,1,19,21,10,68,1970-10-08,1,1,2,0,5,2011-09-26,11,4,3,1,18,1,3.49,4,0
0,4,1,5,5,3,0,15,1,19,21,10,38,1972-11-09,0,4,2,0,5,2012-09-24,7,4,3,1,15,1,3.08,4,0
1,1,1,5,5,3,0,22,1,19,21,10,105,1983-03-28,0,1,2,0,5,2013-04-01,11,4,3,1,4,1,3.18,3,0
0,0,0,5,5,3,0,22,1,19,21,10,89,1986-07-20,1,3,2,0,5,2011-05-16,9,4,3,1,9,1,3.45,4,0
1,1,1,5,5,3,0,24,1,19,21,10,2,1974-01-07,0,1,2,0,2,2011-01-10,4,4,3,1,5,1,5,3,0
1,1,0,1,5,3,0,15,0,19,21,10,82,1985-08-24,1,1,2,0,5,2013-08-19,3,0,3,1,11,1,4.81,4,0
0,0,0,5,5,3,0,20,1,19,21,10,53,1965-05-09,1,3,2,0,5,2011-07-05,16,4,3,1,0,1,3.98,4,0
1,1,1,5,5,3,0,21,1,19,21,10,98,1965-09-09,0,1,0,0,5,2011-05-16,17,4,3,1,21,1,5,3,0
0,0,0,3,5,3,1,22,0,19,21,10,35,1970-02-11,1,3,2,0,4,2009-07-06,3,2,3,4,3,1,4.46,3,0
1,1,0,1,5,4,0,16,0,19,21,10,44,1989-09-01,1,1,2,0,5,2014-07-07,3,0,3,4,17,0,5,3,0
1,1,1,2,5,4,0,24.75,0,19,21,10,74,1980-08-26,0,1,2,0,5,2016-07-06,2,1,3,4,4,0,1.97,4,0
1,1,0,1,5,2,0,22,0,19,21,10,102,1978-12-02,1,1,2,0,2,2013-01-07,3,0,3,4,16,2,3.88,4,0
1,1,0,1,5,3,0,24,0,19,21,10,85,1981-03-16,1,1,2,0,5,2012-01-09,3,0,3,4,19,1,5,5,0
0,2,1,1,5,4,1,16,0,19,21,10,59,1969-09-29,0,0,2,0,0,2011-07-11,3,0,3,4,3,0,1.83,4,0
0,0,0,1,5,3,0,16,0,19,21,10,17,1991-01-28,1,3,2,0,5,2013-08-19,3,0,3,4,17,1,3.99,3,0
1,1,1,1,5,3,0,21,0,19,21,10,20,1980-02-02,0,1,2,0,1,2011-01-10,3,0,3,4,16,1,3.38,3,0
1,1,0,1,5,3,0,23,0,19,21,10,108,1974-11-07,1,1,2,0,5,2013-11-11,3,0,3,4,12,1,1.04,3,0
0,3,0,1,5,4,1,15,0,19,21,10,22,1967-06-03,1,2,2,0,1,2013-04-01,3,0,3,4,3,0,1.12,3,0
1,1,1,5,5,3,0,18,1,19,21,10,108,1988-03-06,0,1,2,0,5,2011-07-05,11,4,3,4,18,1,5,3,0
0,4,1,1,5,4,0,17,0,19,21,10,9,1985-01-28,0,4,2,0,5,2013-07-08,3,0,3,4,4,0,3.02,5,0
1,1,0,1,5,1,0,16,0,19,21,10,58,1968-07-20,1,1,2,0,5,2012-02-20,3,0,3,4,0,3,4.11,2,0
0,2,0,1,5,3,0,24,0,19,21,10,58,1967-06-05,1,0,2,0,2,2013-02-18,3,0,3,4,0,1,4.21,5,0
0,0,0,5,5,1,0,22,1,19,21,10,111,1982-05-04,1,3,2,0,1,2008-09-02,1,4,3,4,18,3,4.29,2,0
1,1,0,5,5,3,1,17,1,19,21,10,35,1974-01-12,1,1,2,1,3,2011-01-10,1,4,3,6,3,1,1.79,4,0
1,1,0,5,5,3,0,20,1,19,21,10,7,1990-08-24,1,1,2,0,5,2012-04-02,1,4,3,6,18,1,3.35,4,0
0,0,1,1,5,3,0,15,0,19,21,10,109,1977-09-08,0,3,2,0,5,2013-07-08,3,0,3,6,4,1,1.51,5,0
0,0,0,1,5,3,0,16.75,0,19,21,10,66,1986-10-07,1,3,2,1,5,2012-04-02,3,0,3,6,10,1,2.79,5,0
0,0,1,1,5,3,0,19,0,19,21,10,36,1985-09-15,0,3,2,1,5,2015-03-30,3,0,3,6,4,1,4.5,3,0
1,1,1,1,5,3,0,15,0,19,21,10,86,1979-05-21,0,1,2,0,5,2012-07-02,3,0,3,6,9,1,5,3,0
0,0,0,1,5,3,0,20,0,19,21,10,56,1972-09-11,1,3,2,0,5,2012-11-05,3,0,3,6,11,1,2.32,3,0
1,1,1,1,5,3,0,17,0,19,21,10,48,1986-12-09,0,1,2,0,5,2012-07-09,3,0,3,6,11,1,5,5,0
1,1,0,1,5,3,0,20,0,19,21,10,99,1977-11-22,1,1,2,0,5,2011-05-31,3,0,3,6,14,1,5,4,0
0,0,0,1,5,3,0,19,0,19,21,10,72,1984-07-07,1,3,2,0,5,2013-07-08,3,0,3,6,20,1,2.79,5,0
0,0,1,1,5,3,0,17,0,19,21,10,108,1981-11-23,0,3,2,0,2,2007-11-05,3,0,3,6,18,1,3.66,3,0
0,3,0,1,5,3,0,17,0,19,21,10,31,1974-12-05,1,2,2,0,5,2014-01-06,3,0,3,6,21,1,5,4,0
0,2,0,5,5,4,0,21,1,19,21,10,103,1973-03-26,1,0,2,0,5,2013-05-13,17,4,3,6,9,0,1.97,4,0
0,0,0,1,5,2,0,22,0,19,21,10,40,1983-05-16,1,3,2,0,5,2014-02-17,3,0,3,6,17,2,2.44,5,0
0,4,0,1,5,3,0,15,0,19,21,10,9,1978-08-17,1,4,2,0,1,2014-09-29,3,0,3,6,12,1,1.24,5,0
1,1,0,1,5,3,0,21,0,19,21,10,31,1988-09-27,1,1,2,0,5,2008-01-07,3,0,3,8,0,1,4.84,5,0
0,0,0,1,5,3,0,22,0,19,21,10,37,1970-10-27,1,3,0,0,5,2011-04-04,3,0,3,8,18,1,5,5,0
0,0,0,1,5,3,0,19.5,0,19,21,10,87,1979-02-12,1,3,2,0,5,2014-05-12,3,0,3,8,8,1,2.73,4,0
1,1,0,1,5,3,0,15,0,19,21,10,61,1978-11-05,1,1,2,0,5,2012-07-02,3,0,3,8,0,1,5,3,0
0,0,0,4,5,2,0,18,1,19,21,10,111,1989-05-06,1,3,2,0,5,2014-02-17,12,3,3,8,22,2,1.04,3,0
0,2,0,5,5,3,1,22,1,19,21,10,99,1970-05-15,1,0,2,0,5,2011-11-07,7,4,3,8,3,1,4.24,4,0
1,1,1,1,5,3,0,21,0,19,21,10,18,1982-09-02,0,1,2,0,1,2012-05-14,3,0,3,8,18,1,1.83,3,0
1,1,0,5,5,3,0,21,1,19,21,10,107,1986-04-17,1,1,2,0,5,2011-01-10,17,4,3,8,10,1,4,4,0
1,1,0,3,5,3,0,20,0,19,21,10,64,1975-10-22,1,1,2,0,2,2015-02-16,3,2,3,8,21,1,5,3,0
0,2,0,1,5,3,0,15,0,19,21,10,110,1984-07-07,1,0,2,0,5,2013-04-01,3,0,3,8,9,1,1.76,4,0
1,1,0,5,5,3,0,18,1,19,21,10,102,1979-05-01,1,1,2,0,5,2011-02-07,1,4,3,8,19,1,3.89,4,0
0,2,1,5,5,3,0,20,1,19,21,10,89,1982-07-22,0,0,2,1,5,2011-05-16,15,4,3,8,17,1,5,4,0
1,1,0,1,5,3,0,21,0,19,21,10,84,1988-07-10,1,1,2,0,2,2014-09-29,3,0,3,8,12,1,3.51,3,0
0,0,0,1,5,3,0,14,0,19,21,10,121,1968-08-15,1,3,0,0,1,2012-05-14,3,0,3,8,5,1,2.77,5,0
0,0,0,5,5,2,0,15,1,19,21,10,32,1980-08-02,1,3,2,0,5,2012-08-13,5,4,3,8,10,2,1.27,3,0
0,0,1,1,5,3,0,16.76,0,19,21,10,22,1983-07-20,0,3,2,0,4,2012-02-20,3,0,3,13,19,1,1.41,4,0
0,0,1,1,5,3,0,20,0,19,21,10,7,1983-02-02,0,3,2,0,2,2014-03-31,3,0,3,13,9,1,4.43,3,0
1,1,0,1,5,3,0,15.75,0,19,21,10,92,1977-03-31,1,1,2,1,5,2015-01-05,3,0,3,13,0,1,4.73,5,0
0,0,1,1,5,3,0,21.25,0,19,21,10,41,1974-05-31,0,3,2,0,5,2014-11-10,3,0,3,13,9,1,1.86,5,0
1,1,1,1,5,3,0,21,0,19,21,10,47,1978-08-25,0,1,2,0,5,2014-03-31,3,0,3,13,4,1,2.05,3,0
0,0,0,1,5,3,0,24,0,19,21,10,63,1983-12-02,1,3,2,1,2,2011-05-16,3,0,3,13,9,1,1.66,4,0
0,2,0,5,5,3,0,14,1,19,21,10,89,1983-05-21,1,0,2,0,5,2011-02-21,11,4,3,13,10,1,5,5,0
0,3,0,1,5,3,0,19,0,19,21,10,60,1964-04-13,1,2,2,0,5,2014-01-06,3,0,3,13,12,1,5,5,0
0,0,1,4,5,3,0,15,1,19,21,10,49,1981-10-18,0,3,2,0,5,2011-02-21,4,3,3,13,19,1,5,4,0
0,0,0,5,5,3,1,14,1,19,21,10,14,1968-05-30,1,3,2,0,2,2012-04-02,1,4,3,13,3,1,4.18,4,0
1,1,1,1,5,4,0,16,0,19,21,10,116,1976-12-11,0,1,2,0,5,2013-09-30,3,0,3,13,12,0,2.86,3,0
0,0,1,1,5,3,0,16,0,19,21,10,60,1961-06-19,0,3,2,0,5,2014-01-06,3,0,3,13,4,1,2.45,3,0
0,0,0,2,5,2,1,20,0,19,21,10,20,1968-06-06,1,3,2,0,2,2016-07-04,2,1,3,13,3,2,1.12,4,0
1,1,1,1,5,3,0,22,0,19,21,10,96,1985-03-14,0,1,2,0,1,2014-02-17,3,0,3,13,12,1,1.39,3,0
1,1,0,4,5,4,0,21,1,19,21,10,122,1986-06-03,1,1,2,0,5,2011-09-26,6,3,3,13,19,0,2.79,5,0
0,4,1,1,5,3,0,22,0,19,21,10,94,1983-02-18,0,4,2,0,5,2013-09-30,3,0,3,14,4,1,5,4,0
0,2,0,1,5,3,0,22,0,19,21,10,42,1958-12-27,1,0,2,0,1,2013-08-19,3,0,3,14,0,1,2.39,3,0
0,0,0,1,5,3,0,22,0,19,21,10,46,1988-05-31,1,3,1,0,2,2011-10-03,3,0,3,14,16,1,3.58,5,0
0,0,1,1,5,3,0,21,0,19,21,10,90,1982-11-15,0,3,2,0,5,2014-05-12,3,0,3,14,16,1,1.13,4,0
0,0,0,1,5,3,0,23,0,19,21,10,89,1986-06-10,1,3,2,0,5,2012-02-20,3,0,3,14,11,1,1.85,4,0
0,0,0,1,5,3,0,17,0,19,21,10,108,1992-06-18,1,3,2,1,5,2013-11-11,3,0,3,14,5,1,1.94,5,0
0,0,1,1,5,3,0,19,0,19,21,10,82,1984-01-04,0,3,2,0,5,2012-08-13,3,0,3,14,19,1,4.17,4,0
0,0,1,1,5,3,0,14,0,19,21,10,8,1977-11-10,0,3,2,0,2,2014-02-17,3,0,3,14,12,1,2.79,3,0
0,0,0,1,5,3,0,17,0,19,21,10,92,1986-07-07,1,3,2,0,5,2014-01-06,3,0,3,14,11,1,2.55,4,0
1,1,1,3,5,3,0,21,0,19,21,10,76,1977-04-08,0,1,2,0,5,2014-05-12,3,2,3,14,12,1,5,5,0
1,1,0,1,5,3,0,17,0,19,21,10,12,1973-09-23,1,1,2,0,5,2010-04-26,3,0,3,14,18,1,2.72,3,0
1,1,0,4,5,2,0,16,1,19,21,10,4,1985-01-07,1,1,2,0,5,2011-01-10,4,3,3,14,5,2,3.6,3,0
0,0,0,1,5,3,0,24.5,0,19,21,10,71,1965-02-02,1,3,2,0,5,2013-11-11,3,0,3,14,4,1,3.73,3,0
0,2,0,5,5,3,0,20,1,19,21,10,29,1983-07-30,1,0,2,0,5,2011-01-10,1,4,3,14,19,1,2.81,5,0
0,0,0,5,5,3,1,16,1,19,21,10,60,1969-10-02,1,3,2,1,4,2012-01-09,14,4,3,14,3,1,1.44,4,0
1,1,1,5,5,3,1,22,1,19,21,10,52,1974-02-21,0,1,2,1,1,2012-04-02,17,4,3,15,3,1,1.98,3,0
0,3,0,3,5,3,1,20,0,19,21,10,45,1969-10-30,1,2,2,0,2,2013-11-11,3,2,3,15,3,1,2.83,5,0
0,0,1,4,5,2,0,15,1,19,21,10,30,1979-08-12,0,3,2,0,2,2011-07-11,13,3,3,15,9,2,1.42,3,0
1,1,0,5,5,3,0,17,1,19,21,10,100,1991-09-05,1,1,2,0,5,2011-04-04,10,4,3,15,18,1,5,3,0
0,0,1,1,5,3,0,18,0,19,21,10,6,1980-04-18,0,3,2,0,1,2013-07-08,3,0,3,15,17,1,2.61,4,0
1,1,0,3,5,3,0,24,0,19,21,10,28,1974-10-09,1,1,2,0,1,2013-08-19,3,2,3,15,12,1,1.71,5,0
0,2,0,1,5,3,0,21,0,19,21,10,19,1966-03-22,1,0,2,0,5,2013-09-30,3,0,3,15,4,1,2.05,5,0
0,0,0,5,5,3,0,19,1,19,21,10,22,1979-01-17,1,3,2,0,1,2011-09-26,16,4,3,15,10,1,4.88,3,0
1,1,0,1,5,3,0,24,0,19,21,10,91,1987-01-07,1,1,2,0,2,2013-01-07,3,0,3,15,10,1,3.93,3,0
0,0,0,4,5,1,0,18.5,1,19,21,10,83,1980-09-30,1,3,2,0,4,2014-03-31,13,3,3,15,17,3,3.09,2,0
0,2,0,5,5,3,0,19,1,19,21,10,11,1984-10-15,1,0,0,0,1,2011-05-16,1,4,3,15,19,1,3.17,4,0
0,2,0,5,5,3,0,16,1,19,21,10,115,1970-09-22,1,0,2,0,5,2012-09-24,17,4,3,15,0,1,1.5,5,0
0,0,1,5,5,3,0,18,1,19,21,10,85,1987-03-18,0,3,2,0,5,2011-04-04,1,4,3,15,18,1,5,5,0
0,2,0,1,5,3,0,14,0,19,21,10,49,1982-08-25,1,0,2,0,4,2011-01-10,3,0,3,15,22,1,1.05,4,0
0,2,1,5,5,4,0,19,1,19,21,10,88,1987-01-31,0,0,2,0,5,2012-08-13,8,4,3,15,7,0,3.84,5,0
0,0,1,1,5,4,0,20,0,19,21,10,39,1983-07-10,0,3,2,0,5,2011-07-05,3,0,3,17,9,0,2.51,5,0
0,2,1,5,5,3,0,18,1,19,21,10,122,1977-07-15,0,0,2,0,5,2012-09-24,1,4,3,17,13,1,5,5,0
0,0,0,1,5,3,0,16,0,19,21,10,123,1951-01-02,1,3,2,0,5,2014-09-29,3,0,3,17,18,1,5,4,0
0,0,0,2,5,3,0,19.75,0,19,21,10,23,1987-04-10,1,3,2,0,5,2016-07-06,2,1,3,17,11,1,4.12,5,0
0,0,1,4,5,2,0,17,1,19,21,10,70,1983-09-02,0,3,2,0,5,2012-04-02,4,3,3,17,22,2,5,4,0
1,1,0,1,5,3,0,19,0,19,21,10,80,1990-10-01,1,1,2,0,2,2015-03-30,3,0,3,17,17,1,3.73,3,0
1,1,0,1,5,3,0,24,0,19,21,10,68,1977-03-23,1,1,2,0,5,2011-11-28,3,0,3,17,22,1,4.2,4,0
1,1,1,5,5,4,0,17,1,19,21,10,106,1959-08-19,0,1,2,0,5,2011-11-07,11,4,3,17,10,0,1.65,4,0
0,0,1,1,5,3,0,19,0,19,21,10,32,1976-01-19,0,3,2,0,5,2013-09-30,3,0,3,17,0,1,3.07,4,0
1,1,0,5,5,3,0,15.25,1,19,21,10,31,1981-03-26,1,1,2,0,5,2011-07-05,17,4,3,17,8,1,3.18,4,0
0,0,0,1,5,3,0,20,0,19,21,10,101,1976-09-22,1,3,2,0,5,2015-03-30,3,0,3,17,10,1,5,4,0
0,0,1,1,5,2,0,22,0,19,21,10,14,1979-11-24,0,3,2,0,2,2014-02-17,3,0,3,17,9,2,4.25,3,0
0,2,1,5,5,3,0,21,1,19,21,10,116,1984-12-31,0,0,2,0,5,2011-09-26,11,4,3,17,16,1,3.8,5,0
0,0,1,5,5,3,0,21,1,19,21,10,81,1974-12-21,0,3,2,0,5,2009-01-05,14,4,3,17,22,1,1.53,5,0
1,1,1,1,5,3,0,19,0,19,21,10,122,1982-10-07,0,1,2,1,5,2015-01-05,3,0,3,17,22,1,4.36,5,0
0,0,0,2,5,3,0,20,0,19,21,10,65,1985-04-06,1,3,2,0,5,2015-07-05,2,1,3,17,11,1,3.21,3,0
0,2,0,5,5,3,0,16,1,19,21,10,86,1989-09-08,1,0,2,0,5,2011-07-11,16,4,3,20,22,1,5,4,0
0,0,1,3,5,3,0,17,0,19,21,10,109,1979-04-06,0,3,2,0,1,2013-07-08,3,2,3,20,9,1,1.09,4,0
0,0,1,1,5,3,0,22,0,19,21,10,26,1983-08-24,0,3,2,0,5,2013-07-08,3,0,3,20,11,1,3.8,5,0
1,1,1,5,5,3,0,23.5,1,19,21,10,22,1977-10-31,0,1,2,0,5,2011-05-16,17,4,3,20,0,1,5,4,0
1,1,0,5,5,3,0,20,1,19,21,10,89,1955-04-14,1,1,2,0,5,2011-11-07,10,4,3,20,18,1,3.13,3,0
1,1,1,5,5,2,1,15,1,19,21,10,52,1974-08-09,0,1,2,0,2,2012-04-02,10,4,3,20,3,2,3.97,4,0
0,0,0,5,5,3,0,19.75,1,19,21,10,98,1952-08-18,1,3,2,0,5,2012-01-09,15,4,3,20,10,1,4.64,4,0
1,1,0,5,5,3,0,22,1,19,21,10,87,1973-12-08,1,1,2,0,5,2011-09-26,11,4,3,20,18,1,3.6,5,0
0,0,0,5,5,4,1,19,1,19,21,10,25,1973-02-14,1,3,2,1,4,2011-11-07,1,4,3,20,3,0,5,4,0
0,0,1,5,5,3,1,18,1,19,21,10,61,1989-05-02,0,3,2,0,2,2011-09-26,16,4,3,20,3,1,2.61,3,0
0,0,1,5,5,2,0,24,1,19,21,10,111,1988-03-17,0,3,2,0,2,2011-01-10,5,4,3,20,18,2,3.54,5,0
1,1,0,1,5,4,0,22,0,19,21,10,88,1973-01-12,1,1,2,0,1,2011-11-28,3,0,3,20,18,0,4.36,5,0
0,0,0,3,5,3,0,15.2,0,19,21,10,93,1975-03-10,1,3,2,0,1,2013-09-30,3,2,3,20,18,1,5,5,0
1,1,0,5,5,3,1,15,1,19,21,10,20,1975-04-03,1,1,1,0,4,2009-04-27,1,4,3,20,3,1,2.52,5,0
0,0,1,5,5,3,0,23,1,19,21,10,43,1987-05-24,0,3,2,1,5,2011-01-10,7,4,3,20,11,1,5,5,0
0,0,0,1,5,3,0,25,0,20,22,10,81,1980-03-02,1,3,2,0,2,2012-03-05,3,0,3,1,4,1,4.51,4,0
0,0,1,5,5,3,0,29,1,20,22,10,79,1981-10-01,0,3,2,1,5,2011-05-16,7,4,3,1,19,1,4.76,5,0
0,2,0,5,5,3,0,23,1,20,22,10,11,1976-09-22,1,0,2,0,5,2011-02-21,17,4,3,1,18,1,3.72,3,0
1,1,0,5,5,3,0,23,1,20,22,10,89,1986-12-10,1,1,2,0,4,2011-07-05,1,4,3,1,11,1,5,4,0
1,1,0,5,5,2,0,28,1,20,22,10,114,1989-07-18,1,1,2,0,1,2011-07-05,17,4,3,1,10,2,1.03,5,0
0,0,0,5,5,3,0,22,1,20,22,10,19,1985-03-15,1,3,2,0,5,2011-01-10,17,4,3,1,20,1,1.3,3,0
1,1,0,5,5,3,0,25,1,20,22,10,13,1981-08-31,1,1,2,0,5,2011-05-16,17,4,3,4,22,1,1.16,5,0
1,1,1,5,5,1,1,29,1,20,22,10,69,1964-10-12,0,1,2,0,2,2010-04-26,5,4,3,4,3,3,4.35,3,0
0,0,0,1,5,4,0,25,0,20,22,10,69,1969-09-08,1,3,2,0,5,2014-07-07,3,0,3,4,17,0,1.51,3,0
0,0,1,5,5,1,0,25,1,20,22,10,114,1985-06-29,0,3,2,0,5,2011-08-15,17,4,3,4,9,3,5,2,0
1,1,0,1,5,3,0,26,0,20,22,10,49,1979-03-10,1,1,0,0,1,2012-04-02,3,0,3,4,9,1,2.61,3,0
0,0,1,5,5,4,0,29,1,20,22,10,47,1958-11-07,0,3,2,0,5,2013-01-07,15,4,3,4,17,0,1.67,3,0
1,1,1,5,5,3,0,26,1,20,22,10,86,1978-11-25,0,1,2,0,5,2010-08-30,5,4,3,6,14,1,1.3,4,0
1,1,0,3,5,3,0,24.25,0,20,22,10,31,1986-05-25,1,1,2,0,5,2014-05-12,3,2,3,6,17,1,2.04,3,0
0,2,0,5,5,3,0,22,1,20,22,10,57,1979-07-25,1,0,2,0,1,2013-01-07,1,4,3,6,5,1,4.52,3,0
1,1,1,1,5,3,0,27,0,20,22,10,3,1992-08-17,0,1,2,0,5,2011-11-07,3,0,3,6,17,1,2.67,3,0
0,2,0,5,5,3,0,26,1,20,22,10,35,1981-09-05,1,0,0,0,5,2011-09-26,16,4,3,6,18,1,2.19,4,0
0,0,0,1,5,3,0,22,0,20,22,10,97,1985-04-20,1,3,2,0,5,2014-09-29,3,0,3,6,11,1,3.4,4,0
0,0,0,5,5,3,0,26,1,20,22,10,95,1967-01-16,1,3,2,0,5,2011-01-10,5,4,3,8,18,1,1.38,5,0
1,1,0,1,5,3,0,27,0,20,22,10,24,1978-09-22,1,1,2,0,2,2014-07-07,3,0,3,8,17,1,1.49,5,0
0,0,0,2,5,3,0,25,0,20,22,10,40,1984-03-11,1,3,2,0,5,2016-06-06,2,1,3,8,20,1,2.92,5,0
0,0,0,1,5,4,0,26.1,0,20,22,10,98,1982-03-28,1,3,2,0,2,2013-08-19,3,0,3,8,5,0,1.64,4,0
0,0,0,1,5,3,0,26.39,0,20,22,10,1,1985-11-23,1,3,2,0,5,2014-11-10,3,0,3,8,5,1,4.53,5,0
0,0,1,1,5,4,0,22,0,20,22,10,47,1963-10-30,0,3,2,0,5,2014-09-29,3,0,3,8,16,0,2.41,3,0
1,1,0,5,5,3,0,28.75,1,20,22,10,70,1953-05-24,1,1,2,0,5,2011-05-16,1,4,3,8,18,1,3.93,3,0
1,1,0,2,5,4,0,27,0,20,22,10,80,1966-04-17,1,1,2,0,5,2016-07-21,2,1,3,13,4,0,2.7,3,0
0,3,0,5,5,3,0,29,1,20,22,10,100,1951-02-25,1,2,2,0,2,2011-04-04,11,4,3,13,18,1,4.62,5,0
0,0,1,1,5,3,0,24,0,20,22,10,85,1988-08-10,0,3,2,1,5,2013-11-11,3,0,3,13,11,1,5,3,0
0,0,0,5,5,3,0,24,1,20,22,10,40,1972-08-27,1,3,2,0,5,2011-01-10,7,4,3,13,10,1,5,3,0
1,1,1,3,5,3,0,22,0,20,22,10,15,1979-03-19,0,1,2,0,5,2013-07-08,3,2,3,13,7,1,4,3,0
0,0,1,3,5,3,1,26,0,20,22,10,68,1976-12-03,0,3,2,0,3,2012-01-09,3,2,3,13,3,1,2.5,4,0
1,1,1,1,5,3,0,29,0,20,22,10,52,1986-04-26,0,1,2,0,5,2010-08-30,3,0,3,13,10,1,2.08,3,0
1,1,1,1,5,3,0,26,0,20,22,10,33,1977-08-19,0,1,2,0,5,2011-04-04,3,0,3,14,1,1,3.25,5,0
1,1,0,5,5,3,0,24,1,20,22,10,87,1983-11-08,1,1,2,0,5,2011-04-04,5,4,3,14,22,1,3.66,3,0
0,2,0,1,5,4,0,22.5,0,20,22,10,23,1986-11-06,1,0,2,0,0,2011-07-05,3,0,3,14,9,0,4.6,4,0
0,0,0,1,5,3,0,26,0,20,22,10,82,1987-05-21,1,3,2,0,5,2015-03-30,3,0,3,14,11,1,5,5,0
1,1,0,5,5,4,0,29,1,20,22,10,31,1986-08-17,1,1,2,0,5,2011-05-16,11,4,3,14,16,0,1.79,5,0
0,0,1,1,5,3,0,22,0,20,22,10,112,1976-02-10,0,3,2,0,2,2014-08-18,3,0,3,14,4,1,3.11,5,0
1,1,0,5,5,3,0,29,1,20,22,10,22,1988-09-19,1,1,2,0,5,2011-07-05,7,4,3,15,11,1,3.02,3,0
0,0,1,1,5,3,0,25,0,20,22,10,111,1979-09-14,0,3,0,0,4,2011-11-07,3,0,3,15,11,1,3.96,4,0
0,3,0,3,5,3,0,27,0,20,22,10,24,1983-12-08,1,2,2,0,0,2013-09-30,3,2,3,15,22,1,2.57,5,0
1,1,1,5,5,3,0,28,1,20,22,10,67,1984-05-09,0,1,2,0,5,2012-04-02,11,4,3,15,22,1,1.84,3,0
0,0,0,1,5,4,0,25,0,20,22,10,67,1970-04-24,1,3,2,0,2,2013-05-13,3,0,3,15,0,0,2.55,3,0
1,1,1,5,5,3,0,22,1,20,22,10,77,1972-07-03,0,1,2,0,5,2011-07-05,1,4,3,15,5,1,2.48,5,0
0,0,1,1,5,3,0,24.25,0,20,22,10,22,1985-05-11,0,3,2,0,5,2014-07-07,3,0,3,15,20,1,4.07,4,0
0,0,0,1,5,2,0,27,0,20,22,10,88,1990-09-21,1,3,2,0,5,2011-04-04,3,0,3,17,10,2,1.16,3,0
0,3,0,1,5,1,0,24,0,20,22,10,73,1989-08-25,1,2,2,0,5,2014-07-07,3,0,3,17,16,3,4.59,1,0
1,1,0,5,5,3,0,28,1,20,22,10,106,1984-02-16,1,1,1,0,5,2011-08-15,14,4,3,17,5,1,3.03,5,0
0,4,0,5,5,3,0,24,1,20,22,10,64,1976-12-26,1,4,2,0,5,2013-07-08,11,4,3,17,12,1,4.65,4,0
0,3,1,1,5,3,0,29,0,20,22,10,4,1974-12-01,0,2,2,0,2,2013-05-13,3,0,3,17,12,1,4.29,5,0
0,0,0,5,5,3,0,23,1,20,22,10,27,1987-11-25,1,3,2,0,5,2009-10-26,8,4,3,17,10,1,4.68,4,0
0,0,1,1,5,3,0,22,0,20,22,10,0,1983-07-28,0,3,2,0,5,2014-09-29,3,0,3,20,22,1,3.19,3,0
0,0,0,1,5,3,0,24,0,20,22,10,98,1987-09-27,1,3,2,0,2,2014-02-17,3,0,3,20,11,1,4,4,0
0,3,0,2,5,3,0,28,0,20,22,10,102,1992-05-07,1,2,2,0,5,2015-06-05,2,1,3,20,14,1,2.63,3,0
1,1,0,2,5,3,0,23,0,20,22,10,98,1976-08-25,1,1,2,0,5,2016-05-11,2,1,3,20,20,1,5,3,0
1,1,0,5,5,3,0,25,1,20,22,10,118,1952-02-11,1,1,2,0,1,2012-05-14,17,4,3,20,11,1,5,3,0
0,4,1,5,5,3,0,23,1,20,22,10,114,1975-09-16,0,4,2,0,5,2007-06-25,10,4,3,20,16,1,1.37,4,0
0,0,0,1,6,3,0,54,0,21,23,26,127,1990-04-19,1,3,2,0,5,2014-05-05,3,0,4,7,16,1,4.62,4,0
0,0,0,5,6,3,0,60.25,1,21,23,20,135,1989-11-11,1,3,2,0,5,2011-11-07,8,4,4,7,19,1,1.9,5,0
0,2,1,1,6,2,1,56,0,21,23,10,31,1984-08-16,0,0,2,0,2,2014-05-18,3,0,4,7,3,2,1.62,4,0
0,0,0,1,3,3,0,50.25,0,22,24,10,31,1987-06-14,1,3,2,0,1,2016-10-02,3,0,2,5,6,1,2.09,5,7
0,0,1,1,3,3,0,52.25,0,22,24,10,50,1970-04-25,0,3,2,0,1,2017-02-10,3,0,2,5,6,1,5,3,6
0,0,1,1,3,3,0,51,0,22,24,10,32,1981-07-08,0,3,2,0,1,2017-02-15,3,0,2,5,6,1,3.42,4,7
1,1,1,1,1,3,0,55,0,23,25,10,4,1984-06-10,0,1,2,0,5,2016-01-05,3,0,0,10,10,1,1.95,4,0
1,1,1,5,1,3,1,55,1,23,25,10,47,1984-11-06,0,1,0,0,2,2011-02-21,5,4,0,10,3,1,4.15,4,0
0,0,0,1,4,3,0,47.6,0,24,26,10,61,1979-05-24,1,3,2,0,5,2014-11-10,3,0,5,0,20,1,3.04,3,4
0,0,0,1,4,3,0,56,0,24,26,10,72,1987-04-05,1,3,2,0,5,2013-11-11,3,0,5,0,16,1,4.96,4,6
0,0,0,1,4,3,0,57.12,0,24,26,10,89,1979-07-05,1,3,2,0,2,2012-01-09,3,0,5,0,10,1,3.79,5,5
1,1,0,4,4,2,0,48.5,1,24,26,10,12,1987-05-15,1,1,2,0,2,2011-05-02,4,3,5,0,0,2,2.55,5,4
0,0,0,1,4,3,0,55.51,0,24,26,10,75,1987-11-07,1,3,2,0,1,2013-11-11,3,0,5,0,18,1,1.53,5,4
0,0,1,5,4,4,1,52.25,1,24,26,10,25,1979-02-20,0,3,2,0,1,2011-11-07,1,4,5,0,3,0,1.1,5,3
1,1,0,1,4,3,0,49.25,0,24,26,10,72,1986-07-24,1,1,2,0,5,2012-11-05,3,0,5,0,16,1,1.74,3,6
0,0,1,1,4,4,0,48,0,24,26,10,78,1983-05-06,0,3,2,0,5,2014-07-07,3,0,5,0,9,0,2.61,5,5
0,0,1,5,4,3,1,45.42,1,24,26,10,108,1983-06-14,0,3,1,0,2,2013-02-18,9,4,5,0,3,1,1.11,3,4
0,0,1,1,4,3,0,27,0,25,27,10,91,1966-11-22,0,3,2,0,5,2011-08-15,3,0,5,11,18,1,3.84,3,5
1,1,0,1,1,3,0,34.95,0,26,28,10,49,1979-04-16,1,1,2,2,5,2009-01-05,3,0,0,2,14,1,5,3,2
1,1,0,1,1,3,1,34.95,0,26,28,10,113,1987-04-04,1,1,2,0,1,2015-02-16,3,0,0,3,3,1,5,4,3
1,1,1,5,3,3,0,62,1,27,29,10,81,1975-05-05,0,1,2,0,5,2015-03-30,5,4,2,19,2,1,4.96,3,6
0,0,0,2,3,3,0,61.3,0,27,29,10,31,1986-06-06,1,3,2,0,2,2016-06-30,2,1,2,19,20,1,5,5,6
0,0,1,4,3,3,0,58.2,1,30,11,4,129,1964-07-30,0,3,2,0,2,2014-02-17,7,3,2,19,20,1,2.94,5,7
0,0,0,5,3,3,0,58.5,1,29,19,10,120,1973-05-27,1,3,2,1,5,2015-01-05,1,4,2,19,20,1,3.88,3,7
1,1,0,3,3,3,0,54.1,0,28,30,4,129,1952-01-18,1,1,2,0,5,2014-11-10,3,2,2,18,20,1,1.55,5,8
1,1,1,3,3,3,0,56.2,0,28,30,10,86,1986-04-23,0,1,2,0,5,2014-11-10,3,2,2,18,4,1,4.46,5,6
1,1,1,2,3,3,0,53.8,0,28,30,10,5,1983-02-09,0,1,2,0,1,2016-06-30,2,1,2,18,12,1,3.27,4,5
0,0,1,1,3,3,0,53,0,28,30,4,133,1965-09-09,0,3,2,0,5,2014-11-10,3,0,2,18,4,1,5,3,4
0,4,0,1,3,3,0,55.2,0,28,30,10,110,1978-05-02,1,4,2,0,1,2015-03-30,3,0,2,18,4,1,1.06,4,8
